Requested Lat,Requested Lon,Radius (km),Driver ID,Last Known Lat,Last Known Lon,Last Updated,Distance (km),Response Time (s)
28.659712246458646,77.09502428666812,2,driver_688,28.725126356609294,77.13119645541153,2025-03-07T19:05:51.158253,8.084288031611415,0.16179680824279785
28.75181071137446,77.07451324406728,5,driver_689,28.735188644339587,77.07304816670309,2025-03-07T19:05:51.199144,1.8538004770248735,0.15856528282165527
28.737120089127586,77.13601876122246,1,driver_705,28.686398750359114,77.14775273151412,2025-03-07T19:05:51.291280,5.7548762414765635,0.1844956874847412
28.737120089127586,77.13601876122246,1,driver_695,28.686204073734352,77.08039041584098,2025-03-07T19:05:51.237705,7.841239274854521,0.1844956874847412
28.70050709870448,77.14710075064079,3,driver_695,28.686204073734352,77.08039041584098,2025-03-07T19:05:51.237705,6.698498049238645,0.17840981483459473
28.663877676781862,77.11809928098307,1,driver_689,28.735188644339587,77.07304816670309,2025-03-07T19:05:51.199144,9.065499749234574,0.20934510231018066
28.745953947808964,77.05292700743708,3,driver_702,28.716310476762985,77.13207011824846,2025-03-07T19:05:51.285669,8.391360151259402,0.2128129005432129
28.67171816975962,77.05802208267981,4,driver_696,28.68211761539173,77.05353574787432,2025-03-07T19:05:51.246390,1.2364199466786092,0.14763402938842773
28.74631539347972,77.08573059453549,4,driver_690,28.750255923427336,77.09386011476911,2025-03-07T19:05:51.219245,0.90559934315315,0.1426539421081543
28.66600140273355,77.09580428300107,4,driver_711,28.66254741322931,77.10806225824157,2025-03-07T19:05:51.305872,1.2561346830651765,0.1488940715789795
28.66600140273355,77.09580428300107,4,driver_697,28.668180349451575,77.08091989464666,2025-03-07T19:05:51.258591,1.4722664746887562,0.1488940715789795
28.714912665288317,77.07739311847418,4,driver_703,28.67258601848389,77.10916583678973,2025-03-07T19:05:51.288191,5.635220892868382,0.14157700538635254
28.68583430745643,77.09587027025353,5,driver_724,28.681002274033464,77.07882962670641,2025-03-07T19:05:51.336924,1.746985824147187,0.1451270580291748
28.68583430745643,77.09587027025353,5,driver_723,28.697201749664433,77.09917154087074,2025-03-07T19:05:51.335249,1.3043746056296113,0.1451270580291748
28.68583430745643,77.09587027025353,5,driver_712,28.67894571011293,77.10487042426978,2025-03-07T19:05:51.308661,1.1651408141677098,0.1451270580291748
28.68583430745643,77.09587027025353,5,driver_706,28.692078897889104,77.10820939513621,2025-03-07T19:05:51.292787,1.389543496367173,0.1451270580291748
28.68583430745643,77.09587027025353,5,driver_704,28.689714305530224,77.09965721216103,2025-03-07T19:05:51.289746,0.5679728000659043,0.1451270580291748
28.68583430745643,77.09587027025353,5,driver_695,28.686204073734352,77.08039041584098,2025-03-07T19:05:51.237705,1.5105765916308607,0.1451270580291748
28.726899303974402,77.0718490144227,5,driver_701,28.730303937294376,77.08002686297962,2025-03-07T19:05:51.282701,0.8827066239244604,0.14865612983703613
28.726899303974402,77.0718490144227,5,driver_689,28.735188644339587,77.07304816670309,2025-03-07T19:05:51.199144,0.929118999184675,0.14865612983703613
28.69270792112486,77.11084315321378,5,driver_712,28.67894571011293,77.10487042426978,2025-03-07T19:05:51.308661,1.6374469439934496,0.15398716926574707
28.69270792112486,77.11084315321378,5,driver_704,28.689714305530224,77.09965721216103,2025-03-07T19:05:51.289746,1.1407508218709388,0.15398716926574707
28.69270792112486,77.11084315321378,5,driver_699,28.6835657269586,77.12160507212971,2025-03-07T19:05:51.274082,1.4613115350963644,0.15398716926574707
28.69270792112486,77.11084315321378,5,driver_693,28.689256261554945,77.1144794358408,2025-03-07T19:05:51.229924,0.5226036717795438,0.15398716926574707
28.69456115640085,77.13384249180513,5,driver_719,28.703591205520176,77.13870028431766,2025-03-07T19:05:51.325407,1.110269944581462,0.1447150707244873
28.69456115640085,77.13384249180513,5,driver_705,28.686398750359114,77.14775273151412,2025-03-07T19:05:51.291280,1.6324233365207816,0.1447150707244873
28.69456115640085,77.13384249180513,5,driver_698,28.694242533411153,77.14763090159055,2025-03-07T19:05:51.263622,1.3453800737593957,0.1447150707244873
